set,question,source,expected,previous
tuning,Hvað marga orlofsdaga á ári á starfsmaður rétt á?,Demo_Starfsmannahandbok.pdf,24 daga|24 orlofsd,
tuning,Hvernig á að sækja um orlof?,Demo_Starfsmannahandbok.pdf,2 vik,
tuning,Hvað gerist ef maður veikist og getur ekki mætt í vinnu?,Demo_Starfsmannahandbok.pdf,9:00,
tuning,Hvenær þarf læknisvottorð vegna veikinda?,Demo_Starfsmannahandbok.pdf,3 dag,
tuning,Hvenær eru laun greidd?,Demo_Starfsmannahandbok.pdf,1. hvers|fyrsta,
tuning,Hvaða hlunnindi fær starfsmaður?,Demo_Starfsmannahandbok.pdf,50.000,
tuning,Hvert er kílómetragjaldið þegar notaður er eigin bíll í þágu fyrirtækisins?,Demo_Starfsmannahandbok.pdf,82,
tuning,Hversu lengi er uppsagnarfrestur eftir 5 ár í starfi?,Demo_Starfsmannahandbok.pdf,6 mán,
tuning,Hvað þarf að skila við starfslok?,Demo_Starfsmannahandbok.pdf,tækjabúnað,
tuning,Hversu langt er fæðingarorlof?,Demo_Starfsmannahandbok.pdf,6 mán,
tuning,Hvenær virkjar heilbrigðistrygging?,Demo_Starfsmannahandbok.pdf,3 mán,
tuning,Hversu mikið framlag greiðir fyrirtækið í nám og þjálfun?,Demo_Starfsmannahandbok.pdf,150.000,
tuning,Hvernig á að skrá nýjan viðskiptavin?,Demo_Verklagsreglur.pdf,CRM,
tuning,Hvaða afslátt getur sölufulltrúi samþykkt sjálfur?,Demo_Verklagsreglur.pdf,5%|5 %,
tuning,Hvenær þarf samþykki framkvæmdastjóra fyrir afslætti?,Demo_Verklagsreglur.pdf,15%|15 %,
tuning,Hversu fljótt þarf að svara kvörtun frá viðskiptavini?,Demo_Verklagsreglur.pdf,24 klst|24 klukku,
tuning,Hvað er VSK prósenta á þjónustu?,Demo_Verklagsreglur.pdf,24%|24 %,
tuning,Hvenær fer reikningur í innheimtu?,Demo_Verklagsreglur.pdf,30 dag|30 dög,
tuning,Hvað kostar grunnráðgjöf á klukkustund?,Demo_Verklagsreglur.pdf,25.000,
tuning,Hvaða samningar þurfa samþykki framkvæmdastjóra?,Demo_Verklagsreglur.pdf,500.000,
tuning,Hvað á að gera ef kerfið bilar?,Demo_Verklagsreglur.pdf,handvirk,
tuning,Hvenær eru verðlistar uppfærðir?,Demo_Verklagsreglur.pdf,janúar,
tuning,Hverjar eru reglurnar um lykilorð?,Demo_IT_Reglur.pdf,12 staf,
tuning,Hversu oft þarf að breyta lykilorði?,Demo_IT_Reglur.pdf,90 dag,
tuning,Er VPN krafist þegar unnið er heiman?,Demo_IT_Reglur.pdf,kraf|nauðsyn|skyl,
tuning,Hvað á að gera ef maður gleymir lykilorðinu?,Demo_IT_Reglur.pdf,sjálfsafgreiðslu,
tuning,Er leyfilegt að nota fyrirtækjatölvuna í persónulegum málum?,Demo_IT_Reglur.pdf,takmörkuð,
tuning,Hvað á að gera ef grunur er um gagnabrot?,Demo_IT_Reglur.pdf,strax,
tuning,Hversu langt aftur í tímann getur IT deild endurheimt skjöl?,Demo_IT_Reglur.pdf,30 dag|30 dög,
tuning,Hvernig er nýjum starfsmanni gefinn aðgangur að kerfum?,Demo_IT_Reglur.pdf,3 dag,
tuning,Hvaða reglur gilda um notkun samfélagsmiðla?,Demo_IT_Reglur.pdf,trúnaðarupplýsing,
tuning,Hvernig á að tengjast VPN?,Demo_IT_Reglur.pdf,auðkenningarforrit,
tuning,Hversu lengi eru bókhaldsgögn geymd?,Demo_Personuverndarstefna.pdf,7 ár,
tuning,Hversu fljótt er svarað beiðni um aðgang að eigin persónuupplýsingum?,Demo_Personuverndarstefna.pdf,30 dag|30 dög,
tuning,Hvað kostar bókhaldspakki M á mánuði?,Demo_Thjonustulysing.pdf,85.000,
tuning,Hvað kostar launavinnsla á hvern launþega?,Demo_Thjonustulysing.pdf,2.500,
tuning,Hvar er söfnunarstaður ef rýma þarf húsið?,Demo_Oryggi_og_neydaraaetlun.pdf,bílastæð,
tuning,Hversu oft er eldvarnaræfing haldin?,Demo_Oryggi_og_neydaraaetlun.pdf,tvisvar|2 sinnum,
tuning,Hversu miklu má eyða í hádegisverð með viðskiptavini?,Demo_Innkaup_og_kostnadur.pdf,8.000,
tuning,Hversu mörg tilboð þarf að fá fyrir kaup yfir milljón krónur?,Demo_Innkaup_og_kostnadur.pdf,3 tilboð|3 birg,
tuning,Hvenær á nýr starfsmaður að mæta á fyrsta degi?,Demo_Nylidahandbok.pdf,9:00,
tuning,Hversu langur er reynslutíminn?,Demo_Nylidahandbok.pdf,3 mán,
tuning,Hversu hár er samgöngustyrkurinn?,Demo_Umhverfisstefna.pdf,8.000,
tuning,Hvert er hægt að senda nafnlausa ábendingu um brot?,Demo_Sidareglur.pdf,abending@,
tuning,Hvaða dag eiga allir starfsmenn að mæta á skrifstofuna?,Demo_Fjarvinnustefna.pdf,þriðjud,
tuning,Hversu háan styrk fæ ég fyrir vinnuaðstöðu heima?,Demo_Fjarvinnustefna.pdf,40.000,
tuning,Hvenær eru launaviðtöl haldin?,Demo_Launa_og_starfsthroun.pdf,október,
tuning,Hvaða verkefni er í forgangi ef áfall verður í rekstri?,Demo_Samfelluaaetlun.pdf,launagreiðsl,
tuning,Hvenær er starfsmannafundur haldinn?,Demo_Um_fyrirtaekid.pdf,mánudag,
tuning,Hvenær var fyrirtækið stofnað?,Demo_Um_fyrirtaekid.pdf,2011,
tuning,Hverjar eru reglurnar um fjarvinnu?,Demo_Starfsmannahandbok.pdf,2 dag,
tuning,How many vacation days do employees get per year?,Demo_Starfsmannahandbok.pdf,24,
tuning,What is the mileage allowance for using your own car?,Demo_Starfsmannahandbok.pdf,82,
tuning,How often must passwords be changed?,Demo_IT_Reglur.pdf,90,
tuning,How much is the commuting allowance?,Demo_Umhverfisstefna.pdf,"8.000|8,000|8000",
tuning,Er VPN krafist þá?,Demo_IT_Reglur.pdf|Demo_Fjarvinnustefna.pdf|Demo_Starfsmannahandbok.pdf,kraf|nauðsyn|skyl,Hverjar eru reglurnar um fjarvinnu?
tuning,En sérfræðiráðgjöf?,Demo_Verklagsreglur.pdf|Demo_Thjonustulysing.pdf,35.000,Hvað kostar grunnráðgjöf á klukkustund?
tuning,En eftir 6 mánuði?,Demo_Starfsmannahandbok.pdf,3 mán,Hversu lengi er uppsagnarfrestur eftir 5 ár í starfi?
tuning,Hvað með stærsta pakkann?,Demo_Thjonustulysing.pdf,150.000,Hvað kostar bókhaldspakki S?
tuning,Hvaða skilyrði þarf að uppfylla til að fá hann?,Demo_Umhverfisstefna.pdf,3 dag,Hversu hár er samgöngustyrkurinn?
tuning,Er eitthvert lágmarksgjald?,Demo_Thjonustulysing.pdf,15.000,Hvað kostar launavinnsla á hvern launþega?
tuning,Hvenær taka breytingarnar gildi?,Demo_Launa_og_starfsthroun.pdf,1. janúar|janúar,Hvenær eru launaviðtöl haldin?
tuning,And how far in advance do I have to apply?,Demo_Starfsmannahandbok.pdf,2 week|two week|2 vik,How many vacation days do employees get per year?
tuning,Hvað fær starfsfólk mikið greitt í líkamsræktarstyrk á ári?,Demo_Starfsmannahandbok.pdf,50.000,
tuning,Má ég vinna fjarvinnu frá útlöndum?,Demo_Fjarvinnustefna.pdf,framkvæmdastjór,
tuning,Hvað tekur langan tíma að fá staðfestingu á orlofsumsókn?,Demo_Starfsmannahandbok.pdf,3 virk,
tuning,Hver er hámarksupphæð fyrir hótelgistingu erlendis á nótt?,Demo_Innkaup_og_kostnadur.pdf,30.000,
tuning,Hversu lengi eru upptökur úr eftirlitsmyndavélum geymdar?,Demo_Personuverndarstefna.pdf,30 dag|30 dög,
tuning,Hvað kostar að fá fjármálastjóra til leigu?,Demo_Thjonustulysing.pdf,390.000,
tuning,Hvar er hjartastuðtækið geymt?,Demo_Oryggi_og_neydaraaetlun.pdf,eldhús,
tuning,Hver tekur á móti nýjum starfsmanni á fyrsta degi?,Demo_Nylidahandbok.pdf,mannauðsstjór,
tuning,Um hversu mikið á að minnka kolefnisspor fyrirtækisins?,Demo_Umhverfisstefna.pdf,40%|40 %,
tuning,Hversu fljótt er staðfest að tilkynning um brot hafi borist?,Demo_Sidareglur.pdf,7 dag|7 dög,
tuning,Hversu marga daga fá starfsmenn á ári til náms og prófa?,Demo_Launa_og_starfsthroun.pdf,5 vinnudag|5 dag,
tuning,Innan hvaða tíma eiga mikilvæg kerfi að vera komin aftur í gang eftir bilun?,Demo_Samfelluaaetlun.pdf,4 klst|4 klukku,
tuning,Hvenær er móttakan opin fyrir viðskiptavini?,Demo_Um_fyrirtaekid.pdf,9:00|16:00,
tuning,Hvað gerist ef viðskiptavinur greiðir ekki reikning á gjalddaga?,Demo_Verklagsreglur.pdf,innheimtubréf,
tuning,Hvað á ég að gera ef ég fæ grunsamlegan phishing tölvupóst?,Demo_IT_Reglur.pdf,tilkynn,
tuning,How much does the company add to the employee pension contribution?,Demo_Starfsmannahandbok.pdf,"11.5|11,5",
tuning,Who should I tell if I lose my access card?,Demo_Oryggi_og_neydaraaetlun.pdf,office manager|skrifstofustjór|office administrator,
tuning,En skattframtal einstaklings í rekstri?,Demo_Thjonustulysing.pdf,45.000,Hvað kostar ársreikningur fyrir félag?
tuning,En sumarferðin?,Demo_Nylidahandbok.pdf,júní,Hvenær er árshátíðin haldin?
tuning,Og ef viðskiptavinur vill segja samningnum upp?,Demo_Thjonustulysing.pdf,3 mán,Hver er gjalddagi reikninga frá fyrirtækinu?
tuning,Hver er höfuðborg Frakklands?,,,
tuning,Hver vann heimsmeistaramótið í fótbolta 2022?,,,
tuning,Hvað kostar mjólkurlítri í Bónus?,,,
tuning,What is the company's annual revenue?,,,
tuning,Hvað kostar að leigja fundarherbergi hjá fyrirtækinu?,,,
tuning,Hversu marga launaða daga fær starfsmaður vegna veikinda barna?,,,
tuning,Who is the CEO of the company?,,,
tuning,Fá starfsmenn greitt fyrir yfirvinnu?,,,
tuning,Hversu marga orlofsdaga má flytja á milli ára?,,,
tuning,Hvað greiðir fyrirtækið mikið í gleraugnastyrk?,,,
tuning,Má koma með hund í vinnuna?,,,
tuning,What is the dress code at the office?,,,
tuning,Hvað kostar að halda námskeið fyrir viðskiptavini?,,,
holdout,Hversu marga launaða veikindadaga eiga starfsmenn rétt á á ári?,Demo_Starfsmannahandbok.pdf,14,
holdout,Hvað fær starfsmaður mikið í símastyrk á mánuði?,Demo_Starfsmannahandbok.pdf,5.000,
holdout,Hvenær byrjar venjulegur vinnudagur?,Demo_Starfsmannahandbok.pdf|Demo_Fjarvinnustefna.pdf|Demo_Thjonustulysing.pdf,8:00,
holdout,Hversu lengi eru umsóknir geymdar ef umsækjandi er ekki ráðinn?,Demo_Personuverndarstefna.pdf,6 mán,
holdout,Hvað kostar hvert fylgiskjal umfram bókhaldspakkann?,Demo_Thjonustulysing.pdf,350,
holdout,Fyrir hvaða dag mánaðarins þurfa launabreytingar að berast?,Demo_Thjonustulysing.pdf,20. dag|20. hvers,
holdout,Hvenær læsist skrifstofan á kvöldin?,Demo_Oryggi_og_neydaraaetlun.pdf,18:00,
holdout,Hversu langan tíma hef ég til að skila kvittunum fyrir fyrirtækjakortið?,Demo_Innkaup_og_kostnadur.pdf,5 virk,
holdout,Hvað er árgjaldið í starfsmannafélaginu?,Demo_Nylidahandbok.pdf,12.000,
holdout,Hversu fljótt þarf að senda út fundargerð eftir fund?,Demo_Verklagsreglur.pdf,48 klst|48 klukku,
holdout,Hversu lengi eru gögn úr áreiðanleikakönnun geymd eftir að viðskiptum lýkur?,Demo_Personuverndarstefna.pdf,5 ár,
holdout,Hversu oft er endurheimt úr afriti prófuð?,Demo_Samfelluaaetlun.pdf,ársfjórðungs,
holdout,Hversu marga viðskiptavini hefur fyrirtækið?,Demo_Um_fyrirtaekid.pdf,180,
holdout,Hver er hámarksupphæð árangurstengdrar umbunar?,Demo_Launa_og_starfsthroun.pdf,mánaðarlaun|1 mánaðar|ein mánaðar,
holdout,How long do I have to hand in a travel report after a trip abroad?,Demo_Innkaup_og_kostnadur.pdf,10 day|10 dag|ten day,
holdout,How often are the smoke detectors tested?,Demo_Oryggi_og_neydaraaetlun.pdf,month|mánaðar,
holdout,Og hversu háan námsstyrk get ég fengið?,Demo_Starfsmannahandbok.pdf|Demo_Launa_og_starfsthroun.pdf,150.000,Hvenær eru starfsþróunarviðtöl haldin?
holdout,Má greiða lausnargjaldið?,Demo_Samfelluaaetlun.pdf,ekki má greiða|má ekki greiða|ekki greiða|ekki að greiða|ekki skal greiða,Hvað á að gera ef grunur er um netárás?
holdout,Hversu margir tímar eru innifaldir í því?,Demo_Thjonustulysing.pdf,16 klst|16 tím|16 klukku,Hvað kostar að fá fjármálastjóra til leigu?
holdout,Hver er stefna fyrirtækisins um notkun gervigreindar?,,,
holdout,Hvað fær starfsmaður í dagpeninga á ferðalögum innanlands?,,,
holdout,Hversu margir sitja í stjórn fyrirtækisins?,,,
holdout,Does the company offer stock options to employees?,,,
holdout,Hvað kostar kaffið á skrifstofunni?,,,
